[
  {
    "id": "Q868",
    "data": {
      "fn": "Aristotelis",
      "ln": "",
      "desc": "ancient Greek philosopher",
      "label": "Aristotle",
      "image": "https://upload.wikimedia.org/wikipedia/commons/a/ae/Aristotle_Altemps_Inv8575.jpg",
      "gender": "M"
    },
    "rels": {
      "father": "Q3050463",
      "spouses": [
        "Q462582",
        "Q1987698"
      ],
      "children": [
        "Q2217419"
      ],
      "mother": "0.0930183100255757"
    },
    "main": true
  },
  {
    "id": "Q462582",
    "data": {
      "fn": "",
      "ln": "",
      "desc": "Greek biologist and embryologist",
      "label": "Pythias",
      "image": null,
      "gender": "F"
    },
    "rels": {
      "father": "Q948620",
      "spouses": [
        "Q868"
      ],
      "children": [],
      "mother": "0.7784747470919489"
    },
    "main": false
  },
  {
    "id": "Q2217419",
    "data": {
      "fn": "",
      "ln": "",
      "desc": "Ancient Greek philosopher, son of Aristotle",
      "label": "Nicomachus",
      "image": null,
      "gender": "M"
    },
    "rels": {
      "father": "Q868",
      "mother": "Q1987698",
      "spouses": [],
      "children": []
    },
    "main": false
  },
  {
    "id": "Q3050463",
    "data": {
      "fn": "",
      "ln": "",
      "desc": "father of Aristotle",
      "label": "Nicomachus",
      "image": null,
      "gender": "M"
    },
    "rels": {
      "spouses": [
        "0.0930183100255757"
      ],
      "children": [
        "Q868",
        "Q4790690"
      ]
    },
    "main": false
  },
  {
    "id": "Q1987698",
    "data": {
      "fn": "",
      "ln": "",
      "desc": "Aristotle's lover",
      "label": "Herpyllis",
      "image": null,
      "gender": "F"
    },
    "rels": {
      "spouses": [
        "Q868"
      ],
      "children": [
        "Q2217419"
      ]
    },
    "main": false
  },
  {
    "id": "Q948620",
    "data": {
      "fn": "",
      "ln": "",
      "desc": "Aristotle's father in law",
      "label": "Hermias of Atarneus",
      "image": null,
      "gender": "M"
    },
    "rels": {
      "spouses": [
        "0.7784747470919489"
      ],
      "children": [
        "Q462582"
      ]
    },
    "main": false
  },
  {
    "id": "Q4790690",
    "data": {
      "fn": "",
      "ln": "",
      "desc": "sister of Aristotle",
      "label": "Arimneste",
      "image": null,
      "gender": "F"
    },
    "rels": {
      "father": "Q3050463",
      "spouses": [],
      "children": [],
      "mother": "0.0930183100255757"
    },
    "main": false
  },
  {
    "id": "0.0930183100255757",
    "rels": {
      "spouses": [
        "Q3050463"
      ],
      "children": [
        "Q868",
        "Q4790690"
      ]
    },
    "data": {
      "gender": "F"
    },
    "to_add": true,
    "main": false
  },
  {
    "id": "0.7784747470919489",
    "rels": {
      "spouses": [
        "Q948620"
      ],
      "children": [
        "Q462582"
      ]
    },
    "data": {
      "gender": "F"
    },
    "to_add": true,
    "main": false
  }
]